{
  "round": "b",
  "table": "B - Compositionality",
  "approved_family_distribution": {
    "F_P3T4M4": 3,
    "F_P2T4M3": 2,
    "F_P3T4M3": 2,
    "F_P4T4M3": 2,
    "F_P3T3M2": 2,
    "F_P3T3M4": 2,
    "F_P2T3M4": 2,
    "F_P2T4M2": 2,
    "F_P1T3M3": 1,
    "F_P3T5M5": 1,
    "F_P2T4M4": 3,
    "F_P2T3M3": 2,
    "F_P2T3M2": 2,
    "F_P3T4M2": 1,
    "F_P3T3M3": 2,
    "F_P2T2M3": 2
  },
  "total_approved": 31,
  "f_p3t4m4_count": 3,
  "f_p3t4m4_share": 0.0967741935483871,
  "reuse_rate": 0.5161290322580645,
  "new_family_leakage": 0.12903225806451613,
  "suspicious_family_success_rate": 1.0,
  "winners_from_stable_paths": 7,
  "winners_from_stable_paths_share": 0.22580645161290322,
  "timestamp": "2026-03-14T07:17:45.793391"
}