{
  "pair_statistics": {
    "Code\u2192Math": {
      "mean": 14.688999999999998,
      "std": 1.557244361042929,
      "ci_lower": 13.729975,
      "ci_upper": 15.547025000000001,
      "ci_width": 1.8170500000000018,
      "se": 0.46855874388746327,
      "cv": 0.10601432099141733
    },
    "Code\u2192Planning": {
      "mean": 10.712,
      "std": 1.3055590543688342,
      "ci_lower": 9.984974999999999,
      "ci_upper": 11.508,
      "ci_width": 1.5230250000000005,
      "se": 0.39150337758831194,
      "cv": 0.12187817908596286
    },
    "Math\u2192Code": {
      "mean": 9.774000000000001,
      "std": 1.5992442659650905,
      "ci_lower": 8.840975,
      "ci_upper": 10.714,
      "ci_width": 1.8730250000000002,
      "se": 0.477817058201003,
      "cv": 0.1636222903586137
    },
    "Math\u2192Planning": {
      "mean": 7.093999999999999,
      "std": 1.471531326355115,
      "ci_lower": 6.216975000000001,
      "ci_upper": 7.948025,
      "ci_width": 1.7310499999999998,
      "se": 0.4417155103232917,
      "cv": 0.20743322897591135
    },
    "Planning\u2192Code": {
      "mean": 7.5,
      "std": 1.3070237607293569,
      "ci_lower": 6.6659999999999995,
      "ci_upper": 8.169,
      "ci_width": 1.503000000000001,
      "se": 0.39150512245799685,
      "cv": 0.17426983476391425
    },
    "Planning\u2192Math": {
      "mean": 6.255,
      "std": 2.777693887622129,
      "ci_lower": 4.785,
      "ci_upper": 7.9912749999999955,
      "ci_width": 3.2062749999999953,
      "se": 0.8364536134442271,
      "cv": 0.4440757614104123
    }
  },
  "source_suitability": {
    "Code": {
      "mean": 12.7005,
      "std": 2.4735239617747156,
      "ci_lower": 11.657975,
      "ci_upper": 13.780000000000001,
      "ci_width": 2.1220250000000007,
      "se": 0.5419040018074373,
      "cv": 0.19475799864373178
    },
    "Math": {
      "mean": 8.434000000000001,
      "std": 2.0315780747202927,
      "ci_lower": 7.5724875,
      "ci_upper": 9.321012500000002,
      "ci_width": 1.7485250000000017,
      "se": 0.44517214674209005,
      "cv": 0.24087954407402093
    },
    "Planning": {
      "mean": 6.8775,
      "std": 2.207227064846178,
      "ci_lower": 5.949,
      "ci_upper": 7.8375,
      "ci_width": 1.8885000000000005,
      "se": 0.48094023049734685,
      "cv": 0.320934505975453
    }
  },
  "method": "bootstrap",
  "n_bootstrap": 10000,
  "confidence_level": 0.95
}