{
  "version": "1.0",
  "timestamp": "2026-03-12T19:06:18.901278",
  "candidate_regions": {
    "octopus_like_seed23": {
      "cluster_id": 0,
      "region_label": "region_0",
      "risk_score": 0.1674,
      "embedding": [
        4.726990699768066,
        4.2341437339782715
      ]
    },
    "octopus_like_seed37_exp11": {
      "cluster_id": 0,
      "region_label": "region_0",
      "risk_score": 0.1806,
      "embedding": [
        5.161044597625732,
        4.5475311279296875
      ]
    },
    "octopus_mainline_r5": {
      "cluster_id": 1,
      "region_label": "stable_region",
      "risk_score": 0.1311,
      "embedding": [
        5.769411087036133,
        5.702388286590576
      ]
    },
    "octopus_mainline_r4_spike6": {
      "cluster_id": 3,
      "region_label": "high_variance_region",
      "risk_score": 0.26415,
      "embedding": [
        3.826698064804077,
        5.868247032165527
      ]
    },
    "pulse_central_seed11_stable4": {
      "cluster_id": 2,
      "region_label": "region_2",
      "risk_score": 0.1485,
      "embedding": [
        6.316288948059082,
        5.0218377113342285
      ]
    },
    "pulse_central_seed23": {
      "cluster_id": 2,
      "region_label": "region_2",
      "risk_score": 0.1674,
      "embedding": [
        6.053466320037842,
        4.407979965209961
      ]
    },
    "octopus_like_seed23_spike12": {
      "cluster_id": 3,
      "region_label": "high_variance_region",
      "risk_score": 0.48345,
      "embedding": [
        3.192082405090332,
        5.028181552886963
      ]
    },
    "pulse_central_seed37": {
      "cluster_id": 2,
      "region_label": "region_2",
      "risk_score": 0.1674,
      "embedding": [
        6.536278247833252,
        4.439303398132324
      ]
    },
    "octopus_mainline_r5_spike0": {
      "cluster_id": 3,
      "region_label": "high_variance_region",
      "risk_score": 0.4611,
      "embedding": [
        2.862624168395996,
        5.472509384155273
      ]
    },
    "octopus_mainline_r4_exp2": {
      "cluster_id": 1,
      "region_label": "stable_region",
      "risk_score": 0.198,
      "embedding": [
        4.586881160736084,
        6.12840461730957
      ]
    },
    "pulse_central_seed11_spike9": {
      "cluster_id": 3,
      "region_label": "high_variance_region",
      "risk_score": 0.47445,
      "embedding": [
        2.6768012046813965,
        4.891997814178467
      ]
    },
    "octopus_like_seed37_exp5": {
      "cluster_id": 0,
      "region_label": "region_0",
      "risk_score": 0.16935,
      "embedding": [
        4.509808540344238,
        4.804156303405762
      ]
    },
    "octopus_mainline_r6_spike3": {
      "cluster_id": 3,
      "region_label": "high_variance_region",
      "risk_score": 0.38715,
      "embedding": [
        3.275081157684326,
        5.683460712432861
      ]
    },
    "octopus_mainline_r5_stable10": {
      "cluster_id": 1,
      "region_label": "stable_region",
      "risk_score": 0.16845,
      "embedding": [
        5.98673152923584,
        6.249730587005615
      ]
    },
    "octopus_like_seed11": {
      "cluster_id": 0,
      "region_label": "region_0",
      "risk_score": 0.1674,
      "embedding": [
        5.108138561248779,
        4.972293853759766
      ]
    },
    "octopus_like_seed11_exp8": {
      "cluster_id": 0,
      "region_label": "region_0",
      "risk_score": 0.279,
      "embedding": [
        4.0507378578186035,
        4.3813958168029785
      ]
    },
    "octopus_mainline_r4_stable1": {
      "cluster_id": 1,
      "region_label": "stable_region",
      "risk_score": 0.08505,
      "embedding": [
        5.16084098815918,
        5.720179080963135
      ]
    },
    "pulse_central_seed11": {
      "cluster_id": 2,
      "region_label": "region_2",
      "risk_score": 0.1674,
      "embedding": [
        6.105708599090576,
        3.981494188308716
      ]
    },
    "pulse_central_seed11_stable7": {
      "cluster_id": 2,
      "region_label": "region_2",
      "risk_score": 0.162,
      "embedding": [
        6.795984268188477,
        5.043807506561279
      ]
    },
    "octopus_like_seed37": {
      "cluster_id": 0,
      "region_label": "region_0",
      "risk_score": 0.11760000000000001,
      "embedding": [
        4.919068336486816,
        3.7225191593170166
      ]
    },
    "octopus_mainline_r6": {
      "cluster_id": 1,
      "region_label": "stable_region",
      "risk_score": 0.2625,
      "embedding": [
        4.385130882263184,
        5.553184986114502
      ]
    },
    "octopus_mainline_r4": {
      "cluster_id": 1,
      "region_label": "stable_region",
      "risk_score": 0.099,
      "embedding": [
        5.322061061859131,
        6.1982951164245605
      ]
    }
  },
  "region_definitions": {
    "0": {
      "size": 6,
      "label": "region_0",
      "members": [
        "octopus_like_seed23",
        "octopus_like_seed37_exp11",
        "octopus_like_seed37_exp5",
        "octopus_like_seed11",
        "octopus_like_seed11_exp8",
        "octopus_like_seed37"
      ]
    },
    "1": {
      "size": 6,
      "label": "stable_region",
      "members": [
        "octopus_mainline_r5",
        "octopus_mainline_r4_exp2",
        "octopus_mainline_r5_stable10",
        "octopus_mainline_r4_stable1",
        "octopus_mainline_r6",
        "octopus_mainline_r4"
      ]
    },
    "2": {
      "size": 5,
      "label": "region_2",
      "members": [
        "pulse_central_seed11_stable4",
        "pulse_central_seed23",
        "pulse_central_seed37",
        "pulse_central_seed11",
        "pulse_central_seed11_stable7"
      ]
    },
    "3": {
      "size": 5,
      "label": "high_variance_region",
      "members": [
        "octopus_mainline_r4_spike6",
        "octopus_like_seed23_spike12",
        "octopus_mainline_r5_spike0",
        "pulse_central_seed11_spike9",
        "octopus_mainline_r6_spike3"
      ]
    }
  }
}