{
  "task_family": "heterogeneous_executor_coordination",
  "scheduler": "baseline_sjf_v2",
  "num_tasks": 1000,
  "num_seeds": 5,
  "metrics": {
    "throughput": {
      "mean": 0.0148,
      "std": 0.0021679483388678806,
      "min": 0.012,
      "max": 0.017,
      "values": [
        0.017,
        0.012,
        0.014,
        0.017,
        0.014
      ]
    },
    "avg_latency": {
      "mean": 253.924374748934,
      "std": 20.404684338668304,
      "min": 230.51357166604058,
      "max": 276.6514073079583,
      "values": [
        257.3339428284335,
        276.6514073079583,
        269.67113291203873,
        235.45181903019895,
        230.51357166604058
      ]
    },
    "recovery_time": {
      "mean": 289.48214285714283,
      "std": 89.85996936560659,
      "min": 190.625,
      "max": 430.75,
      "values": [
        302.0,
        430.75,
        240.75,
        190.625,
        283.2857142857143
      ]
    },
    "unnecessary_switches": {
      "mean": 0.0036,
      "std": 0.0020736441353327723,
      "min": 0.002,
      "max": 0.007,
      "values": [
        0.003,
        0.002,
        0.002,
        0.004,
        0.007
      ]
    },
    "missed_deadline_rate": {
      "mean": 0.9087802865443806,
      "std": 0.02772602497092612,
      "min": 0.8712121212121212,
      "max": 0.9439252336448598,
      "values": [
        0.9050279329608939,
        0.9439252336448598,
        0.9259259259259259,
        0.8712121212121212,
        0.8978102189781022
      ]
    },
    "stability_cv": {
      "mean": 0.6678781791899795,
      "std": 0.043812790850595654,
      "min": 0.6126366855373099,
      "max": 0.715798803127038,
      "values": [
        0.6673788201147404,
        0.6126366855373099,
        0.6378810200270618,
        0.715798803127038,
        0.7056955671437474
      ]
    }
  }
}