{
  "epoch": 23,
  "state": "RUNNING",
  "latest_metrics": {
    "epoch": 23,
    "timestamp": 1773205119.1231318,
    "core_hash": "ba2a2176919aed68",
    "core_drift": false,
    "detector_recall": 1.0,
    "capability_diversity": 0.8061969629581318,
    "maintenance_overhead": 0.04931688462935435,
    "repair_success_rate": 1.0
  }
}