{
  "epoch": 17,
  "state": "RUNNING",
  "latest_metrics": {
    "epoch": 17,
    "timestamp": 1773205119.1226158,
    "core_hash": "ba2a2176919aed68",
    "core_drift": false,
    "detector_recall": 1.0,
    "capability_diversity": 0.7764069263587315,
    "maintenance_overhead": 0.06340719053393054,
    "repair_success_rate": 1.0
  }
}