{
  "epoch": 46,
  "state": "RUNNING",
  "latest_metrics": {
    "epoch": 46,
    "timestamp": 1773222545.4539824,
    "core_hash": "ba2a2176919aed68",
    "core_drift": false,
    "detector_recall": 1.0,
    "capability_diversity": 0.6219597226824942,
    "maintenance_overhead": 0.04747703070004258,
    "repair_success_rate": 1.0
  }
}