{
  "epoch": 18,
  "state": "RUNNING",
  "latest_metrics": {
    "epoch": 18,
    "timestamp": 1773222545.4491212,
    "core_hash": "ba2a2176919aed68",
    "core_drift": false,
    "detector_recall": 1.0,
    "capability_diversity": 0.7247893193935162,
    "maintenance_overhead": 0.04186979615460048,
    "repair_success_rate": 1.0
  }
}