{
  "epoch": 10,
  "state": "RUNNING",
  "latest_metrics": {
    "epoch": 10,
    "timestamp": 1773204876.355338,
    "core_hash": "ba2a2176919aed68",
    "core_drift": false,
    "detector_recall": 1.0,
    "capability_diversity": 0.8071169854128273,
    "maintenance_overhead": 0.04056532483480666,
    "repair_success_rate": 1.0
  }
}