{
  "epoch": 10,
  "state": "RUNNING",
  "latest_metrics": {
    "epoch": 10,
    "timestamp": 1773205119.121864,
    "core_hash": "ba2a2176919aed68",
    "core_drift": false,
    "detector_recall": 1.0,
    "capability_diversity": 0.7343967812764871,
    "maintenance_overhead": 0.04320898577830049,
    "repair_success_rate": 1.0
  }
}