{
  "epoch": 23,
  "state": "RUNNING",
  "latest_metrics": {
    "epoch": 23,
    "timestamp": 1773222545.449784,
    "core_hash": "ba2a2176919aed68",
    "core_drift": false,
    "detector_recall": 1.0,
    "capability_diversity": 0.7855721646627066,
    "maintenance_overhead": 0.05856742999405575,
    "repair_success_rate": 1.0
  }
}