{
  "epoch": 18,
  "state": "RUNNING",
  "latest_metrics": {
    "epoch": 18,
    "timestamp": 1773223266.1212668,
    "core_hash": "ba2a2176919aed68",
    "core_drift": false,
    "detector_recall": 1.0,
    "capability_diversity": 0.7408660400170408,
    "maintenance_overhead": 0.05535122601465749,
    "repair_success_rate": 1.0
  }
}