{
  "epoch": 41,
  "state": "RUNNING",
  "latest_metrics": {
    "epoch": 41,
    "timestamp": 1773223266.1242716,
    "core_hash": "ba2a2176919aed68",
    "core_drift": false,
    "detector_recall": 1.0,
    "capability_diversity": 0.6118783150107104,
    "maintenance_overhead": 0.03434746600045036,
    "repair_success_rate": 0.9
  }
}