{
  "epoch": 18,
  "state": "RUNNING",
  "latest_metrics": {
    "epoch": 18,
    "timestamp": 1773205193.3914993,
    "core_hash": "ba2a2176919aed68",
    "core_drift": false,
    "detector_recall": 1.0,
    "capability_diversity": 0.7619377133376087,
    "maintenance_overhead": 0.044811900911313055,
    "repair_success_rate": 1.0
  }
}