{
  "epoch": 1,
  "state": "RUNNING",
  "latest_metrics": {
    "epoch": 1,
    "timestamp": 1773204876.3541806,
    "core_hash": "ba2a2176919aed68",
    "core_drift": false,
    "detector_recall": 1.0,
    "capability_diversity": 0.7914005985822616,
    "maintenance_overhead": 0.04508470301169981,
    "repair_success_rate": 1.0
  }
}