{
  "epoch": 14,
  "state": "RUNNING",
  "latest_metrics": {
    "epoch": 14,
    "timestamp": 1773205119.1223638,
    "core_hash": "ba2a2176919aed68",
    "core_drift": false,
    "detector_recall": 1.0,
    "capability_diversity": 0.7759847762085649,
    "maintenance_overhead": 0.04260676548724957,
    "repair_success_rate": 1.0
  }
}