{
  "epoch": 28,
  "state": "RUNNING",
  "latest_metrics": {
    "epoch": 28,
    "timestamp": 1773222545.4503973,
    "core_hash": "ba2a2176919aed68",
    "core_drift": false,
    "detector_recall": 1.0,
    "capability_diversity": 0.7508655279929516,
    "maintenance_overhead": 0.03961484723839647,
    "repair_success_rate": 1.0
  }
}