{
  "epoch": 3,
  "state": "RUNNING",
  "latest_metrics": {
    "epoch": 3,
    "timestamp": 1773223266.1193476,
    "core_hash": "ba2a2176919aed68",
    "core_drift": false,
    "detector_recall": 1.0,
    "capability_diversity": 0.8655316701775767,
    "maintenance_overhead": 0.04195903086389061,
    "repair_success_rate": 1.0
  }
}