{
  "epoch": 6,
  "state": "RUNNING",
  "latest_metrics": {
    "epoch": 6,
    "timestamp": 1773204795.6581962,
    "core_hash": "ba2a2176919aed68",
    "core_drift": false,
    "detector_recall": 1.0,
    "capability_diversity": 0.7779765888677512,
    "maintenance_overhead": 0.03783832232420978,
    "repair_success_rate": 1.0
  }
}