{
  "epoch": 31,
  "state": "RUNNING",
  "latest_metrics": {
    "epoch": 31,
    "timestamp": 1773223266.1229932,
    "core_hash": "ba2a2176919aed68",
    "core_drift": false,
    "detector_recall": 1.0,
    "capability_diversity": 0.6846502929169879,
    "maintenance_overhead": 0.04178302466299691,
    "repair_success_rate": 0.9
  }
}