{
  "epoch": 39,
  "state": "RUNNING",
  "latest_metrics": {
    "epoch": 39,
    "timestamp": 1773223266.1240156,
    "core_hash": "ba2a2176919aed68",
    "core_drift": false,
    "detector_recall": 1.0,
    "capability_diversity": 0.6899026752000196,
    "maintenance_overhead": 0.0471911333820201,
    "repair_success_rate": 0.9
  }
}