{
  "epoch": 20,
  "state": "RUNNING",
  "latest_metrics": {
    "epoch": 20,
    "timestamp": 1773205193.3917363,
    "core_hash": "ba2a2176919aed68",
    "core_drift": false,
    "detector_recall": 1.0,
    "capability_diversity": 0.8874668150753443,
    "maintenance_overhead": 0.07207481895826423,
    "repair_success_rate": 1.0
  }
}