{
  "epoch": 27,
  "state": "RUNNING",
  "latest_metrics": {
    "epoch": 27,
    "timestamp": 1773223266.1224809,
    "core_hash": "ba2a2176919aed68",
    "core_drift": false,
    "detector_recall": 1.0,
    "capability_diversity": 0.6888782150191273,
    "maintenance_overhead": 0.05880464013943868,
    "repair_success_rate": 0.9
  }
}