{
  "epoch": 8,
  "state": "RUNNING",
  "latest_metrics": {
    "epoch": 8,
    "timestamp": 1773204795.6585188,
    "core_hash": "ba2a2176919aed68",
    "core_drift": false,
    "detector_recall": 1.0,
    "capability_diversity": 0.7740423041901157,
    "maintenance_overhead": 0.061887094212001975,
    "repair_success_rate": 1.0
  }
}