{
  "epoch": 28,
  "state": "RUNNING",
  "latest_metrics": {
    "epoch": 28,
    "timestamp": 1773223266.1226096,
    "core_hash": "ba2a2176919aed68",
    "core_drift": false,
    "detector_recall": 1.0,
    "capability_diversity": 0.7294078704000949,
    "maintenance_overhead": 0.02415248828132541,
    "repair_success_rate": 0.9
  }
}