{
  "epoch": 15,
  "state": "RUNNING",
  "latest_metrics": {
    "epoch": 15,
    "timestamp": 1773222545.4487298,
    "core_hash": "ba2a2176919aed68",
    "core_drift": false,
    "detector_recall": 1.0,
    "capability_diversity": 0.7803342358803588,
    "maintenance_overhead": 0.043747699123035624,
    "repair_success_rate": 1.0
  }
}