{
  "epoch": 14,
  "state": "RUNNING",
  "latest_metrics": {
    "epoch": 14,
    "timestamp": 1773222545.4486058,
    "core_hash": "ba2a2176919aed68",
    "core_drift": false,
    "detector_recall": 1.0,
    "capability_diversity": 0.821973450517669,
    "maintenance_overhead": 0.061746861749598314,
    "repair_success_rate": 1.0
  }
}