{
  "epoch": 54,
  "state": "RUNNING",
  "latest_metrics": {
    "epoch": 54,
    "timestamp": 1773223266.1259904,
    "core_hash": "ba2a2176919aed68",
    "core_drift": false,
    "detector_recall": 1.0,
    "capability_diversity": 0.7223283568376966,
    "maintenance_overhead": 0.04603590028040387,
    "repair_success_rate": 0.8
  }
}