{
  "epoch": 36,
  "state": "RUNNING",
  "latest_metrics": {
    "epoch": 36,
    "timestamp": 1773223266.1236336,
    "core_hash": "ba2a2176919aed68",
    "core_drift": false,
    "detector_recall": 1.0,
    "capability_diversity": 0.7126366753380775,
    "maintenance_overhead": 0.06054518249311903,
    "repair_success_rate": 0.9
  }
}