{
  "epoch": 22,
  "state": "RUNNING",
  "latest_metrics": {
    "epoch": 22,
    "timestamp": 1773222545.4496608,
    "core_hash": "ba2a2176919aed68",
    "core_drift": false,
    "detector_recall": 1.0,
    "capability_diversity": 0.7751463795092319,
    "maintenance_overhead": 0.04775263243353264,
    "repair_success_rate": 1.0
  }
}