{
  "epoch": 53,
  "state": "RUNNING",
  "latest_metrics": {
    "epoch": 53,
    "timestamp": 1773222545.454838,
    "core_hash": "ba2a2176919aed68",
    "core_drift": false,
    "detector_recall": 1.0,
    "capability_diversity": 0.7333680008604027,
    "maintenance_overhead": 0.06065373173980216,
    "repair_success_rate": 1.0
  }
}