{
  "epoch": 32,
  "state": "RUNNING",
  "latest_metrics": {
    "epoch": 32,
    "timestamp": 1773222545.4521854,
    "core_hash": "ba2a2176919aed68",
    "core_drift": false,
    "detector_recall": 1.0,
    "capability_diversity": 0.7865943915500303,
    "maintenance_overhead": 0.060460110101740565,
    "repair_success_rate": 1.0
  }
}