{
  "epoch": 35,
  "state": "RUNNING",
  "latest_metrics": {
    "epoch": 35,
    "timestamp": 1773222545.4525633,
    "core_hash": "ba2a2176919aed68",
    "core_drift": false,
    "detector_recall": 1.0,
    "capability_diversity": 0.7757371192818031,
    "maintenance_overhead": 0.05636281751826103,
    "repair_success_rate": 1.0
  }
}