{
  "epoch": 8,
  "state": "RUNNING",
  "latest_metrics": {
    "epoch": 8,
    "timestamp": 1773204876.3550854,
    "core_hash": "ba2a2176919aed68",
    "core_drift": false,
    "detector_recall": 1.0,
    "capability_diversity": 0.7975248043448221,
    "maintenance_overhead": 0.053016040660951495,
    "repair_success_rate": 1.0
  }
}