{
  "epoch": 32,
  "state": "RUNNING",
  "latest_metrics": {
    "epoch": 32,
    "timestamp": 1773223266.1231222,
    "core_hash": "ba2a2176919aed68",
    "core_drift": false,
    "detector_recall": 1.0,
    "capability_diversity": 0.7015687275201957,
    "maintenance_overhead": 0.060934681745960215,
    "repair_success_rate": 0.9
  }
}