{
  "epoch": 36,
  "state": "RUNNING",
  "latest_metrics": {
    "epoch": 36,
    "timestamp": 1773222545.4526856,
    "core_hash": "ba2a2176919aed68",
    "core_drift": false,
    "detector_recall": 1.0,
    "capability_diversity": 0.6748276214638029,
    "maintenance_overhead": 0.03992534321573914,
    "repair_success_rate": 1.0
  }
}