{
  "epoch": 44,
  "state": "RUNNING",
  "latest_metrics": {
    "epoch": 44,
    "timestamp": 1773222545.453738,
    "core_hash": "ba2a2176919aed68",
    "core_drift": false,
    "detector_recall": 1.0,
    "capability_diversity": 0.7550909900870622,
    "maintenance_overhead": 0.05246615457609961,
    "repair_success_rate": 1.0
  }
}