{
  "epoch": 40,
  "state": "RUNNING",
  "latest_metrics": {
    "epoch": 40,
    "timestamp": 1773222545.4531932,
    "core_hash": "ba2a2176919aed68",
    "core_drift": false,
    "detector_recall": 1.0,
    "capability_diversity": 0.713104969473605,
    "maintenance_overhead": 0.06654244621309013,
    "repair_success_rate": 1.0
  }
}