{
  "epoch": 10,
  "state": "RUNNING",
  "latest_metrics": {
    "epoch": 10,
    "timestamp": 1773204795.6588862,
    "core_hash": "ba2a2176919aed68",
    "core_drift": false,
    "detector_recall": 1.0,
    "capability_diversity": 0.6777577109715396,
    "maintenance_overhead": 0.04813465822017326,
    "repair_success_rate": 1.0
  }
}