{
  "epoch": 33,
  "state": "RUNNING",
  "latest_metrics": {
    "epoch": 33,
    "timestamp": 1773223266.12325,
    "core_hash": "ba2a2176919aed68",
    "core_drift": false,
    "detector_recall": 1.0,
    "capability_diversity": 0.7469920612916149,
    "maintenance_overhead": 0.053546246909558844,
    "repair_success_rate": 0.9
  }
}