{
  "epoch": 22,
  "state": "RUNNING",
  "latest_metrics": {
    "epoch": 22,
    "timestamp": 1773205119.1230476,
    "core_hash": "ba2a2176919aed68",
    "core_drift": false,
    "detector_recall": 1.0,
    "capability_diversity": 0.7840186289857574,
    "maintenance_overhead": 0.05894796131274815,
    "repair_success_rate": 1.0
  }
}