{
  "epoch": 8,
  "state": "RUNNING",
  "latest_metrics": {
    "epoch": 8,
    "timestamp": 1773223266.1199887,
    "core_hash": "ba2a2176919aed68",
    "core_drift": false,
    "detector_recall": 1.0,
    "capability_diversity": 0.7295393507980681,
    "maintenance_overhead": 0.05903023757391951,
    "repair_success_rate": 1.0
  }
}