{
  "epoch": 3,
  "state": "RUNNING",
  "latest_metrics": {
    "epoch": 3,
    "timestamp": 1773222545.4471755,
    "core_hash": "ba2a2176919aed68",
    "core_drift": false,
    "detector_recall": 1.0,
    "capability_diversity": 0.7672410406824878,
    "maintenance_overhead": 0.054351661506401944,
    "repair_success_rate": 1.0
  }
}