{
  "epoch": 17,
  "state": "RUNNING",
  "latest_metrics": {
    "epoch": 17,
    "timestamp": 1773223266.121138,
    "core_hash": "ba2a2176919aed68",
    "core_drift": false,
    "detector_recall": 1.0,
    "capability_diversity": 0.8124135756623593,
    "maintenance_overhead": 0.05744161506451112,
    "repair_success_rate": 1.0
  }
}