{
  "epoch": 26,
  "state": "RUNNING",
  "latest_metrics": {
    "epoch": 26,
    "timestamp": 1773223266.1223533,
    "core_hash": "ba2a2176919aed68",
    "core_drift": false,
    "detector_recall": 1.0,
    "capability_diversity": 0.7473316891266467,
    "maintenance_overhead": 0.054919032928742104,
    "repair_success_rate": 0.9
  }
}