{
  "epoch": 38,
  "state": "RUNNING",
  "latest_metrics": {
    "epoch": 38,
    "timestamp": 1773222545.4529314,
    "core_hash": "ba2a2176919aed68",
    "core_drift": false,
    "detector_recall": 1.0,
    "capability_diversity": 0.7402140463490077,
    "maintenance_overhead": 0.06604929929009455,
    "repair_success_rate": 1.0
  }
}