{
  "epoch": 37,
  "state": "RUNNING",
  "latest_metrics": {
    "epoch": 37,
    "timestamp": 1773222545.4528074,
    "core_hash": "ba2a2176919aed68",
    "core_drift": false,
    "detector_recall": 1.0,
    "capability_diversity": 0.7155592410493118,
    "maintenance_overhead": 0.05118881495071567,
    "repair_success_rate": 1.0
  }
}