{
  "epoch": 5,
  "state": "RUNNING",
  "latest_metrics": {
    "epoch": 5,
    "timestamp": 1773223266.1196067,
    "core_hash": "ba2a2176919aed68",
    "core_drift": false,
    "detector_recall": 1.0,
    "capability_diversity": 0.7833045583621897,
    "maintenance_overhead": 0.03978164650100184,
    "repair_success_rate": 1.0
  }
}