{
  "epoch": 46,
  "state": "RUNNING",
  "latest_metrics": {
    "epoch": 46,
    "timestamp": 1773223266.1249664,
    "core_hash": "ba2a2176919aed68",
    "core_drift": false,
    "detector_recall": 1.0,
    "capability_diversity": 0.6042405727253928,
    "maintenance_overhead": 0.04139951340427853,
    "repair_success_rate": 0.8
  }
}