{
  "epoch": 2,
  "state": "RUNNING",
  "latest_metrics": {
    "epoch": 2,
    "timestamp": 1773205119.1208174,
    "core_hash": "ba2a2176919aed68",
    "core_drift": false,
    "detector_recall": 1.0,
    "capability_diversity": 0.9053417394714972,
    "maintenance_overhead": 0.07067505288471823,
    "repair_success_rate": 1.0
  }
}