{
  "epoch": 37,
  "state": "RUNNING",
  "latest_metrics": {
    "epoch": 37,
    "timestamp": 1773223266.1237607,
    "core_hash": "ba2a2176919aed68",
    "core_drift": false,
    "detector_recall": 1.0,
    "capability_diversity": 0.7019527932053867,
    "maintenance_overhead": 0.035953766417982445,
    "repair_success_rate": 0.9
  }
}