{
  "epoch": 22,
  "state": "RUNNING",
  "latest_metrics": {
    "epoch": 22,
    "timestamp": 1773205193.3919766,
    "core_hash": "ba2a2176919aed68",
    "core_drift": false,
    "detector_recall": 1.0,
    "capability_diversity": 0.8091269591428273,
    "maintenance_overhead": 0.03803342409202178,
    "repair_success_rate": 1.0
  }
}