{
  "epoch": 20,
  "state": "RUNNING",
  "latest_metrics": {
    "epoch": 20,
    "timestamp": 1773222545.449375,
    "core_hash": "ba2a2176919aed68",
    "core_drift": false,
    "detector_recall": 1.0,
    "capability_diversity": 0.829500854841063,
    "maintenance_overhead": 0.05875648994454583,
    "repair_success_rate": 1.0
  }
}