{
  "epoch": 20,
  "state": "RUNNING",
  "latest_metrics": {
    "epoch": 20,
    "timestamp": 1773205119.1228793,
    "core_hash": "ba2a2176919aed68",
    "core_drift": false,
    "detector_recall": 1.0,
    "capability_diversity": 0.7380637152291468,
    "maintenance_overhead": 0.04447299766583065,
    "repair_success_rate": 1.0
  }
}