{
  "epoch": 59,
  "state": "RUNNING",
  "latest_metrics": {
    "epoch": 59,
    "timestamp": 1773223266.1266325,
    "core_hash": "ba2a2176919aed68",
    "core_drift": false,
    "detector_recall": 1.0,
    "capability_diversity": 0.8068008207374573,
    "maintenance_overhead": 0.06048723785074801,
    "repair_success_rate": 0.7
  }
}