{
  "epoch": 1,
  "state": "RUNNING",
  "latest_metrics": {
    "epoch": 1,
    "timestamp": 1773204795.6574693,
    "core_hash": "ba2a2176919aed68",
    "core_drift": false,
    "detector_recall": 1.0,
    "capability_diversity": 0.8874864479871478,
    "maintenance_overhead": 0.054007480387703366,
    "repair_success_rate": 1.0
  }
}