{
  "epoch": 3,
  "state": "RUNNING",
  "latest_metrics": {
    "epoch": 3,
    "timestamp": 1773204795.657744,
    "core_hash": "ba2a2176919aed68",
    "core_drift": false,
    "detector_recall": 1.0,
    "capability_diversity": 0.7857083053060664,
    "maintenance_overhead": 0.047091938346645414,
    "repair_success_rate": 1.0
  }
}