{
  "epoch": 42,
  "state": "RUNNING",
  "latest_metrics": {
    "epoch": 42,
    "timestamp": 1773222545.4534879,
    "core_hash": "ba2a2176919aed68",
    "core_drift": false,
    "detector_recall": 1.0,
    "capability_diversity": 0.7080313713103675,
    "maintenance_overhead": 0.05566772471160383,
    "repair_success_rate": 1.0
  }
}