{
  "epoch": 21,
  "state": "RUNNING",
  "latest_metrics": {
    "epoch": 21,
    "timestamp": 1773223266.1216462,
    "core_hash": "ba2a2176919aed68",
    "core_drift": false,
    "detector_recall": 1.0,
    "capability_diversity": 0.7702425965178599,
    "maintenance_overhead": 0.03787340338828128,
    "repair_success_rate": 1.0
  }
}