{
  "epoch": 24,
  "state": "RUNNING",
  "latest_metrics": {
    "epoch": 24,
    "timestamp": 1773222545.4499056,
    "core_hash": "ba2a2176919aed68",
    "core_drift": false,
    "detector_recall": 1.0,
    "capability_diversity": 0.7726793601674894,
    "maintenance_overhead": 0.04740594274618441,
    "repair_success_rate": 1.0
  }
}