{
  "epoch": 41,
  "state": "RUNNING",
  "latest_metrics": {
    "epoch": 41,
    "timestamp": 1773222545.4533184,
    "core_hash": "ba2a2176919aed68",
    "core_drift": false,
    "detector_recall": 1.0,
    "capability_diversity": 0.6905760737141192,
    "maintenance_overhead": 0.06016449611820902,
    "repair_success_rate": 1.0
  }
}