{
  "epoch": 15,
  "state": "RUNNING",
  "latest_metrics": {
    "epoch": 15,
    "timestamp": 1773223266.1208797,
    "core_hash": "ba2a2176919aed68",
    "core_drift": false,
    "detector_recall": 1.0,
    "capability_diversity": 0.6855328755476481,
    "maintenance_overhead": 0.0407952855982071,
    "repair_success_rate": 1.0
  }
}