{
  "epoch": 38,
  "state": "RUNNING",
  "latest_metrics": {
    "epoch": 38,
    "timestamp": 1773223266.1238878,
    "core_hash": "ba2a2176919aed68",
    "core_drift": false,
    "detector_recall": 1.0,
    "capability_diversity": 0.7988480165269964,
    "maintenance_overhead": 0.042358682220412884,
    "repair_success_rate": 0.9
  }
}