{
  "epoch": 23,
  "state": "RUNNING",
  "latest_metrics": {
    "epoch": 23,
    "timestamp": 1773223266.1219738,
    "core_hash": "ba2a2176919aed68",
    "core_drift": false,
    "detector_recall": 1.0,
    "capability_diversity": 0.8292934619562107,
    "maintenance_overhead": 0.04376495937453622,
    "repair_success_rate": 0.9
  }
}