{
  "epoch": 42,
  "state": "RUNNING",
  "latest_metrics": {
    "epoch": 42,
    "timestamp": 1773223266.1243975,
    "core_hash": "ba2a2176919aed68",
    "core_drift": false,
    "detector_recall": 1.0,
    "capability_diversity": 0.7119224655822348,
    "maintenance_overhead": 0.0432909635449642,
    "repair_success_rate": 0.9
  }
}