{
  "epoch": 13,
  "state": "RUNNING",
  "latest_metrics": {
    "epoch": 13,
    "timestamp": 1773222545.4484818,
    "core_hash": "ba2a2176919aed68",
    "core_drift": false,
    "detector_recall": 1.0,
    "capability_diversity": 0.7774363688303935,
    "maintenance_overhead": 0.0335452822143108,
    "repair_success_rate": 1.0
  }
}