{
  "epoch": 6,
  "state": "RUNNING",
  "latest_metrics": {
    "epoch": 6,
    "timestamp": 1773204993.4883237,
    "core_hash": "ba2a2176919aed68",
    "core_drift": false,
    "detector_recall": 1.0,
    "capability_diversity": 0.8708630484051443,
    "maintenance_overhead": 0.05861524261889098,
    "repair_success_rate": 1.0
  }
}