{
  "epoch": 7,
  "state": "RUNNING",
  "latest_metrics": {
    "epoch": 7,
    "timestamp": 1773204993.488449,
    "core_hash": "ba2a2176919aed68",
    "core_drift": false,
    "detector_recall": 1.0,
    "capability_diversity": 0.8007185458070717,
    "maintenance_overhead": 0.058147923943636465,
    "repair_success_rate": 1.0
  }
}