{
  "epoch": 2,
  "state": "RUNNING",
  "latest_metrics": {
    "epoch": 2,
    "timestamp": 1773204993.4878128,
    "core_hash": "ba2a2176919aed68",
    "core_drift": false,
    "detector_recall": 1.0,
    "capability_diversity": 0.8116632675840404,
    "maintenance_overhead": 0.05268681824542344,
    "repair_success_rate": 1.0
  }
}