{
  "epoch": 4,
  "state": "RUNNING",
  "latest_metrics": {
    "epoch": 4,
    "timestamp": 1773205119.1210945,
    "core_hash": "ba2a2176919aed68",
    "core_drift": false,
    "detector_recall": 1.0,
    "capability_diversity": 0.6842730855797623,
    "maintenance_overhead": 0.04846281000301779,
    "repair_success_rate": 1.0
  }
}