{
  "epoch": 7,
  "state": "RUNNING",
  "latest_metrics": {
    "epoch": 7,
    "timestamp": 1773222545.4477015,
    "core_hash": "ba2a2176919aed68",
    "core_drift": false,
    "detector_recall": 1.0,
    "capability_diversity": 0.7871014529907064,
    "maintenance_overhead": 0.046304700203782086,
    "repair_success_rate": 1.0
  }
}