{
  "epoch": 30,
  "state": "RUNNING",
  "latest_metrics": {
    "epoch": 30,
    "timestamp": 1773222545.4519396,
    "core_hash": "ba2a2176919aed68",
    "core_drift": false,
    "detector_recall": 1.0,
    "capability_diversity": 0.7260203611591807,
    "maintenance_overhead": 0.024991316199044534,
    "repair_success_rate": 1.0
  }
}