{
  "epoch": 9,
  "state": "RUNNING",
  "latest_metrics": {
    "epoch": 9,
    "timestamp": 1773205193.3903675,
    "core_hash": "ba2a2176919aed68",
    "core_drift": false,
    "detector_recall": 1.0,
    "capability_diversity": 0.6883889161755099,
    "maintenance_overhead": 0.04611184804243777,
    "repair_success_rate": 1.0
  }
}