{
  "epoch": 43,
  "state": "RUNNING",
  "latest_metrics": {
    "epoch": 43,
    "timestamp": 1773223266.1245258,
    "core_hash": "ba2a2176919aed68",
    "core_drift": false,
    "detector_recall": 1.0,
    "capability_diversity": 0.7476174029162389,
    "maintenance_overhead": 0.0612230545748878,
    "repair_success_rate": 0.9
  }
}