{
  "epoch": 49,
  "state": "RUNNING",
  "latest_metrics": {
    "epoch": 49,
    "timestamp": 1773223266.1253562,
    "core_hash": "ba2a2176919aed68",
    "core_drift": false,
    "detector_recall": 1.0,
    "capability_diversity": 0.7185726087875918,
    "maintenance_overhead": 0.038082898584882834,
    "repair_success_rate": 0.8
  }
}