{
  "epoch": 11,
  "state": "RUNNING",
  "latest_metrics": {
    "epoch": 11,
    "timestamp": 1773204993.4889574,
    "core_hash": "ba2a2176919aed68",
    "core_drift": false,
    "detector_recall": 1.0,
    "capability_diversity": 0.7750365707357255,
    "maintenance_overhead": 0.034146587358181324,
    "repair_success_rate": 1.0
  }
}