{
  "epoch": 8,
  "state": "RUNNING",
  "latest_metrics": {
    "epoch": 8,
    "timestamp": 1773222545.4478288,
    "core_hash": "ba2a2176919aed68",
    "core_drift": false,
    "detector_recall": 1.0,
    "capability_diversity": 0.8004771030005012,
    "maintenance_overhead": 0.05368375304454895,
    "repair_success_rate": 1.0
  }
}