{
  "epoch": 58,
  "state": "RUNNING",
  "latest_metrics": {
    "epoch": 58,
    "timestamp": 1773223266.1265016,
    "core_hash": "ba2a2176919aed68",
    "core_drift": false,
    "detector_recall": 1.0,
    "capability_diversity": 0.6188514447963152,
    "maintenance_overhead": 0.059594822557705304,
    "repair_success_rate": 0.7
  }
}