{
  "epoch": 55,
  "state": "RUNNING",
  "latest_metrics": {
    "epoch": 55,
    "timestamp": 1773222545.4550862,
    "core_hash": "ba2a2176919aed68",
    "core_drift": false,
    "detector_recall": 1.0,
    "capability_diversity": 0.7264032015988786,
    "maintenance_overhead": 0.05396693074357931,
    "repair_success_rate": 1.0
  }
}