{
  "epoch": 6,
  "state": "RUNNING",
  "latest_metrics": {
    "epoch": 6,
    "timestamp": 1773222545.4475718,
    "core_hash": "ba2a2176919aed68",
    "core_drift": false,
    "detector_recall": 1.0,
    "capability_diversity": 0.7939982309890623,
    "maintenance_overhead": 0.05221336330840959,
    "repair_success_rate": 1.0
  }
}