{
  "epoch": 14,
  "state": "RUNNING",
  "latest_metrics": {
    "epoch": 14,
    "timestamp": 1773223266.120753,
    "core_hash": "ba2a2176919aed68",
    "core_drift": false,
    "detector_recall": 1.0,
    "capability_diversity": 0.7918457156381553,
    "maintenance_overhead": 0.042321123747574026,
    "repair_success_rate": 1.0
  }
}