{
  "epoch": 4,
  "state": "RUNNING",
  "latest_metrics": {
    "epoch": 4,
    "timestamp": 1773205193.3897557,
    "core_hash": "ba2a2176919aed68",
    "core_drift": false,
    "detector_recall": 1.0,
    "capability_diversity": 0.8045741047518263,
    "maintenance_overhead": 0.04439618060127666,
    "repair_success_rate": 1.0
  }
}