{
  "epoch": 6,
  "state": "RUNNING",
  "latest_metrics": {
    "epoch": 6,
    "timestamp": 1773204876.3548334,
    "core_hash": "ba2a2176919aed68",
    "core_drift": false,
    "detector_recall": 1.0,
    "capability_diversity": 0.8115203630736485,
    "maintenance_overhead": 0.054734122594214805,
    "repair_success_rate": 1.0
  }
}