{
  "epoch": 2,
  "state": "RUNNING",
  "latest_metrics": {
    "epoch": 2,
    "timestamp": 1773205193.3894966,
    "core_hash": "ba2a2176919aed68",
    "core_drift": false,
    "detector_recall": 1.0,
    "capability_diversity": 0.9843486710791484,
    "maintenance_overhead": 0.053585048292722655,
    "repair_success_rate": 1.0
  }
}