{
  "epoch": 18,
  "state": "RUNNING",
  "latest_metrics": {
    "epoch": 18,
    "timestamp": 1773205119.1227,
    "core_hash": "ba2a2176919aed68",
    "core_drift": false,
    "detector_recall": 1.0,
    "capability_diversity": 0.7939560639812997,
    "maintenance_overhead": 0.045460627506139856,
    "repair_success_rate": 1.0
  }
}