{
  "epoch": 11,
  "state": "RUNNING",
  "latest_metrics": {
    "epoch": 11,
    "timestamp": 1773205119.1220396,
    "core_hash": "ba2a2176919aed68",
    "core_drift": false,
    "detector_recall": 1.0,
    "capability_diversity": 0.8649604961176987,
    "maintenance_overhead": 0.06440689814900206,
    "repair_success_rate": 1.0
  }
}