{
  "epoch": 16,
  "state": "RUNNING",
  "latest_metrics": {
    "epoch": 16,
    "timestamp": 1773205119.1225305,
    "core_hash": "ba2a2176919aed68",
    "core_drift": false,
    "detector_recall": 1.0,
    "capability_diversity": 0.6627828011904449,
    "maintenance_overhead": 0.04808335716202463,
    "repair_success_rate": 1.0
  }
}