{
  "epoch": 19,
  "state": "RUNNING",
  "latest_metrics": {
    "epoch": 19,
    "timestamp": 1773205119.1227942,
    "core_hash": "ba2a2176919aed68",
    "core_drift": false,
    "detector_recall": 1.0,
    "capability_diversity": 0.7658909327314464,
    "maintenance_overhead": 0.051133538817308,
    "repair_success_rate": 1.0
  }
}