{
  "epoch": 21,
  "state": "RUNNING",
  "latest_metrics": {
    "epoch": 21,
    "timestamp": 1773205119.122964,
    "core_hash": "ba2a2176919aed68",
    "core_drift": false,
    "detector_recall": 1.0,
    "capability_diversity": 0.6759777564915319,
    "maintenance_overhead": 0.038686608882186745,
    "repair_success_rate": 1.0
  }
}