{
  "epoch": 5,
  "state": "RUNNING",
  "latest_metrics": {
    "epoch": 5,
    "timestamp": 1773204993.4881985,
    "core_hash": "ba2a2176919aed68",
    "core_drift": false,
    "detector_recall": 1.0,
    "capability_diversity": 0.7863534244533046,
    "maintenance_overhead": 0.04341464382881385,
    "repair_success_rate": 1.0
  }
}