{
  "epoch": 49,
  "state": "RUNNING",
  "latest_metrics": {
    "epoch": 49,
    "timestamp": 1773222545.4543512,
    "core_hash": "ba2a2176919aed68",
    "core_drift": false,
    "detector_recall": 1.0,
    "capability_diversity": 0.7304411841562065,
    "maintenance_overhead": 0.046227733508408,
    "repair_success_rate": 1.0
  }
}