{
  "epoch": 12,
  "state": "RUNNING",
  "latest_metrics": {
    "epoch": 12,
    "timestamp": 1773223266.1204982,
    "core_hash": "ba2a2176919aed68",
    "core_drift": false,
    "detector_recall": 1.0,
    "capability_diversity": 0.6353285721657724,
    "maintenance_overhead": 0.04948679453233424,
    "repair_success_rate": 1.0
  }
}