{
  "epoch": 56,
  "state": "RUNNING",
  "latest_metrics": {
    "epoch": 56,
    "timestamp": 1773223266.1262467,
    "core_hash": "ba2a2176919aed68",
    "core_drift": false,
    "detector_recall": 1.0,
    "capability_diversity": 0.6944522731990612,
    "maintenance_overhead": 0.029180889535888325,
    "repair_success_rate": 0.8
  }
}