{
  "model": "Population Collapse (Two-Phase)",
  "phases": {
    "maintenance": [
      0,
      15
    ],
    "peak_gen": 1600,
    "peak_N": 17558.0,
    "collapse_start_gen": null,
    "extinction_start": 6400
  },
  "parameters": {
    "alpha": 1.0,
    "beta": 0.1,
    "N_critical": 5267.4
  },
  "fit_quality": {
    "R2": 0.07197576833456909,
    "RMSE": 5915.96922274399
  },
  "triggers": {
    "population": {
      "before_peak": 17546.6,
      "after_peak": 17558.0,
      "change_pct": 0.06496985170917133
    },
    "avg_cdi": {
      "before_peak": 0.6785599999999999,
      "after_peak": 0.6760900000000001,
      "change_pct": -0.36400613062954806
    },
    "avg_collaboration": {
      "before_peak": 0.40034000000000003,
      "after_peak": 0.4004,
      "change_pct": 0.014987260828283205
    },
    "extinct_count": {
      "before_peak": 0.0,
      "after_peak": 0.0,
      "change_pct": 0.0
    },
    "alive_universes": {
      "before_peak": 128.0,
      "after_peak": 128.0,
      "change_pct": 0.0
    }
  }
}